{"timestamp":1548888276213,"name":"q19-v1.4","analysisTimes":[0.002132,0.001894,0.014012,0.001616,0.001423],"parsingTimes":[9.96E-4,0.001238,0.001125,0.001089,0.001424],"optimizationTimes":[93.635651,93.874768,100.332812,92.822549,92.698995],"planningTimes":[6.161902,5.918422,5.957045,5.974066,5.802884],"executionTimes":[26798.306099,31698.440887,38965.86903,30558.806241,28792.740399],"runtimes":[26.898106780000003,31.798237209,39.072174024,30.657605560999997,28.891245124999998]}
{"timestamp":1548888276213,"name":"q27-v1.4","analysisTimes":[0.002238,0.002076,0.001936,8.98E-4,8.02E-4],"parsingTimes":[7.89E-4,0.001814,0.001052,0.001017,0.001124],"optimizationTimes":[103.813618,87.259988,89.162505,89.352187,111.288022],"planningTimes":[5.367806,5.285263,5.470288,5.682391,5.890973],"executionTimes":[21650.591814,27383.69595,23958.922431,23011.766261,21475.5579],"runtimes":[21.759776265,27.476245091,24.053558212,23.106802754,21.592738820999998]}
{"timestamp":1548888276213,"name":"q3-v1.4","analysisTimes":[0.00266,0.002128,0.002089,0.001063,8.07E-4],"parsingTimes":[0.001736,0.001294,0.001038,0.001577,0.001271],"optimizationTimes":[21.330527,21.094119,21.305025,21.791217,21.443387],"planningTimes":[3.286046,3.297476,3.074928,3.255956,3.070833],"executionTimes":[15699.194287,15059.749538,14292.924982,15210.667428,17060.466698],"runtimes":[15.723815256,15.084144555,14.317308062,15.235717241,17.084982995999997]}
{"timestamp":1548888276213,"name":"q34-v1.4","analysisTimes":[0.002101,0.002315,0.002181,0.001205,0.00136],"parsingTimes":[0.001327,0.001084,0.00128,0.001066,0.001335],"optimizationTimes":[82.144226,84.831763,85.321467,85.368344,84.682344],"planningTimes":[5.743326,5.660348,5.430865,5.923201,5.703104],"executionTimes":[11258.926991,10391.26815,11703.471152,10388.972879,10268.490534],"runtimes":[11.346817971,10.48176366,11.794226945,10.480266695000001,10.358878677]}
{"timestamp":1548888276213,"name":"q42-v1.4","analysisTimes":[0.002535,0.001863,0.001811,6.49E-4,0.001001],"parsingTimes":[0.001455,9.92E-4,0.001376,0.001062,9.13E-4],"optimizationTimes":[25.668971,24.556765,23.826042,23.93152,23.920259],"planningTimes":[3.370833,3.094322,3.173525,3.130116,3.056986],"executionTimes":[15688.796633,15598.750614,13280.931333,14073.609044,15309.445589],"runtimes":[15.717840426999999,15.626404556,13.307934087,14.100672391,15.336424748]}
{"timestamp":1548888276213,"name":"q43-v1.4","analysisTimes":[0.002158,0.002605,0.002286,9.28E-4,0.001807],"parsingTimes":[8.64E-4,0.001232,7.2E-4,0.001531,0.0014],"optimizationTimes":[29.557017,28.323076,27.41952,27.649775,27.797953],"planningTimes":[4.240131,3.974943,3.957752,3.956206,3.955455],"executionTimes":[6768.212854,6016.246198,6213.109594,8564.966121,6105.588758],"runtimes":[6.802013024000001,6.048548054,6.244489871999999,8.596574560999999,6.1373453730000005]}
{"timestamp":1548888276213,"name":"q46-v1.4","analysisTimes":[0.00222,0.001986,0.00193,7.42E-4,0.001045],"parsingTimes":[0.001245,0.001355,9.88E-4,0.001529,0.001371],"optimizationTimes":[109.059722,107.977736,109.070503,109.104977,106.796785],"planningTimes":[7.00081,7.023448,6.888235,7.001688,6.849179],"executionTimes":[25612.741284,25084.203149,28577.628563,26033.909844,24742.407484],"runtimes":[25.728805281,25.199207674,28.693590218999997,26.150018780000003,24.856055863999998]}
{"timestamp":1548888276213,"name":"q52-v1.4","analysisTimes":[0.002006,0.002993,0.002173,0.001038,0.001173],"parsingTimes":[0.001123,0.001413,0.001017,0.001376,9.89E-4],"optimizationTimes":[29.74144,29.495277,25.526896,23.915722,23.984933],"planningTimes":[3.793624,4.318984,3.655442,3.181544,3.129942],"executionTimes":[14358.340327,15040.665784,14881.907684,13793.975937,44235.074282],"runtimes":[14.39187852,15.074484451,14.911093211999999,13.821075616999998,44.262191319]}
{"timestamp":1548888276213,"name":"q53-v1.4","analysisTimes":[0.001501,0.002077,0.00489,0.001275,8.47E-4],"parsingTimes":[9.25E-4,0.001341,0.001629,0.001368,0.00114],"optimizationTimes":[61.16088,61.945527,62.200817,61.646703,61.441599],"planningTimes":[5.140495,5.148242,5.108168,5.08729,5.200481],"executionTimes":[13757.487697,13328.321765,13528.565162,13091.855965,14457.63309],"runtimes":[13.823791498,13.395418952,13.595880666000001,13.158592601,14.524277156999998]}
{"timestamp":1548888276213,"name":"q55-v1.4","analysisTimes":[0.0023,0.00255,0.001106,7.99E-4,9.0E-4],"parsingTimes":[9.93E-4,0.001359,0.001065,0.001077,8.52E-4],"optimizationTimes":[23.369481,22.048697,21.535363,21.236481,21.875],"planningTimes":[3.099745,3.16657,3.053167,3.086024,3.112724],"executionTimes":[16764.160694,16263.157914,15860.090998,17207.618246,18178.948279],"runtimes":[16.790633212999996,16.28837709,15.884681699,17.231942627,18.203937755]}
{"timestamp":1548888276213,"name":"q59-v1.4","analysisTimes":[0.002577,0.002402,0.001412,0.00105,0.001212],"parsingTimes":[0.00182,0.001298,0.001758,0.001202,0.00107],"optimizationTimes":[113.407409,108.170743,110.064113,108.355545,108.861092],"planningTimes":[15.351837,14.665021,14.469975,14.814231,14.785125],"executionTimes":[14845.034243,15454.605383,14974.152896,14792.023951,15501.541993],"runtimes":[14.973797886,15.577444847,15.098690154,14.915195979,15.625190492000002]}
{"timestamp":1548888276213,"name":"q63-v1.4","analysisTimes":[0.002083,0.001957,7.84E-4,8.3E-4,8.91E-4],"parsingTimes":[0.001212,0.001486,0.001252,0.001014,9.47E-4],"optimizationTimes":[64.259837,61.241189,61.518916,61.449071,60.841055],"planningTimes":[5.02701,5.320181,5.489943,5.172498,4.983528],"executionTimes":[12444.225499,12703.849252,14495.309248,13550.702122,14420.231028],"runtimes":[12.513515641,12.770414065,14.562320142999999,13.617325534999999,14.486057449]}
{"timestamp":1548888276213,"name":"q65-v1.4","analysisTimes":[0.002007,0.002076,8.39E-4,9.08E-4,0.001046],"parsingTimes":[0.001374,0.001301,0.001046,7.91E-4,9.72E-4],"optimizationTimes":[68.784792,69.18738,72.20662,76.119266,70.692705],"planningTimes":[9.916172,9.35053,9.519252,9.614715,9.14029],"executionTimes":[46162.123288,51449.222283,50049.247205,50796.690984,52246.675245],"runtimes":[46.240827633,51.527763570000005,50.130974962,50.882426664,52.326510258]}
{"timestamp":1548888276213,"name":"q68-v1.4","analysisTimes":[0.002228,0.002356,8.08E-4,0.001496,7.53E-4],"parsingTimes":[9.91E-4,0.001583,7.77E-4,0.001214,0.001265],"optimizationTimes":[112.781077,111.446616,114.968294,112.092184,119.751222],"planningTimes":[7.22643,7.107673,7.245123,7.264839,7.46799],"executionTimes":[35460.450476,36443.591964,32636.232593,201924.046157,60233.880173],"runtimes":[35.580461201999995,36.562150192000004,32.758447595,202.04340589,60.361101403]}
{"timestamp":1548888276213,"name":"q7-v1.4","analysisTimes":[0.002172,0.002096,0.002546,0.001539,7.21E-4],"parsingTimes":[0.001133,0.001363,0.001084,0.001336,9.66E-4],"optimizationTimes":[73.891901,71.975111,75.262507,73.541241,72.786176],"planningTimes":[4.971659,4.830574,4.818495,5.019086,4.965632],"executionTimes":[28928.694586,30422.172085,24747.700567,25750.334925,29647.676389],"runtimes":[29.007561451,30.498981228999998,24.827785198999997,25.828898127,29.725429884]}
{"timestamp":1548888276213,"name":"q70-v1.4","analysisTimes":[0.001733,0.001772,0.001041,0.001473,0.001071],"parsingTimes":[0.001135,0.001241,0.001075,0.00177,0.001096],"optimizationTimes":[65.425464,64.539631,66.855545,66.453515,64.830663],"planningTimes":[11.131018,10.48373,14.137649,11.254403,10.468639],"executionTimes":[20073.744951,20662.476582,18751.874424,23878.832946,20510.964576],"runtimes":[20.150304301,20.737502956,18.832869734,23.956544107,20.586266044999995]}
{"timestamp":1548888276213,"name":"q73-v1.4","analysisTimes":[0.002362,0.002162,0.008013,0.001145,9.92E-4],"parsingTimes":[0.001003,9.14E-4,0.001032,0.00109,0.001027],"optimizationTimes":[80.439475,80.776231,82.387125,80.615948,79.933103],"planningTimes":[5.586977,5.3133,5.461268,5.492562,5.346135],"executionTimes":[9610.48255,9432.015827,8672.444198,10794.980445,9420.71487],