{"timestamp":1548891359182,"name":"q19-v1.4","analysisTimes":[0.001545,0.001341,7.22E-4,0.001582,4.3E-4],"parsingTimes":[0.00123,0.001057,9.42E-4,0.001315,2.14E-4],"optimizationTimes":[114.607996,93.849219,93.094916,97.277611,95.102233],"planningTimes":[7.0694,5.75819,5.64827,6.375407,7.966756],"executionTimes":[23231.542242,21922.60905,20171.971261,22125.624887,21895.751573],"runtimes":[23.353222413,22.022218857,20.270716111,22.229280802,21.998821206]}
{"timestamp":1548891359182,"name":"q27-v1.4","analysisTimes":[7.61E-4,7.02E-4,9.38E-4,8.39E-4,5.16E-4],"parsingTimes":[0.001287,0.001107,8.72E-4,0.001439,2.02E-4],"optimizationTimes":[88.739207,88.025739,87.107309,101.756573,88.86105],"planningTimes":[5.308139,5.232718,5.214589,5.291784,5.294834],"executionTimes":[15984.034806,14542.375201,15540.743065,14589.48354,15715.0697],"runtimes":[16.0780842,14.635635467,15.633066773000001,14.696534174999998,15.809226301999999]}
{"timestamp":1548891359182,"name":"q3-v1.4","analysisTimes":[0.001671,0.001033,0.00105,7.31E-4,4.29E-4],"parsingTimes":[0.00116,0.001052,0.001402,0.001419,3.06E-4],"optimizationTimes":[21.991215,21.813456,20.858136,21.083602,21.176177],"planningTimes":[3.400294,3.072672,2.885985,2.946781,2.997221],"executionTimes":[12831.772797,12399.906797,11115.515367,11022.633129,12342.185041],"runtimes":[12.857167137000001,12.42479501,11.13926194,11.046665661999999,12.366359174000001]}
{"timestamp":1548891359182,"name":"q34-v1.4","analysisTimes":[0.001136,8.46E-4,9.35E-4,0.001054,4.4E-4],"parsingTimes":[0.00147,0.001298,0.001058,0.00106,3.08E-4],"optimizationTimes":[83.447618,87.059482,82.563945,85.151886,81.730234],"planningTimes":[5.763083,5.640696,5.282093,5.355789,5.447971],"executionTimes":[8522.96377,8735.958502,7963.066084,9347.98888,9165.677962],"runtimes":[8.612177077,8.828660823999998,8.050914115000001,9.438498669000001,9.252856915]}
{"timestamp":1548891359182,"name":"q42-v1.4","analysisTimes":[0.001017,7.16E-4,8.07E-4,8.51E-4,4.28E-4],"parsingTimes":[0.001188,0.001015,0.001086,0.001026,3.08E-4],"optimizationTimes":[28.284652,23.503501,23.429291,23.627201,24.912484],"planningTimes":[3.141195,3.17111,3.017557,3.052553,3.045437],"executionTimes":[11645.213255,10540.093656,10724.987106,10038.293418,11661.094655],"runtimes":[11.676641307,10.566769998,10.751435847,10.064975049,11.689053312]}
{"timestamp":1548891359182,"name":"q43-v1.4","analysisTimes":[7.32E-4,8.3E-4,8.58E-4,7.89E-4,4.78E-4],"parsingTimes":[0.001341,0.001484,0.001085,0.002061,2.58E-4],"optimizationTimes":[27.433716,27.530245,29.506806,27.542436,28.165843],"planningTimes":[3.904936,3.864872,4.111315,3.965682,4.309214],"executionTimes":[4982.765804,4955.921113,5086.997625,5015.824209,5161.456968],"runtimes":[5.014106528999999,4.987318544000001,5.1206176889999995,5.047335177,5.193932761]}
{"timestamp":1548891359182,"name":"q46-v1.4","analysisTimes":[9.9E-4,6.22E-4,8.36E-4,0.058099,4.4E-4],"parsingTimes":[9.89E-4,0.001267,0.001005,1.97E-4,2.97E-4],"optimizationTimes":[105.962258,110.054641,114.575876,108.436263,110.727243],"planningTimes":[7.07266,6.837536,7.592502,6.992445,7.094242],"executionTimes":[19190.633811,21922.311815,21212.461534,19203.504925,21125.79805],"runtimes":[19.303670708000002,22.039205881,21.334631752999996,19.318991929,21.243620272]}
{"timestamp":1548891359182,"name":"q52-v1.4","analysisTimes":[0.001032,0.001134,0.001097,5.87E-4,6.26E-4],"parsingTimes":[0.00114,9.97E-4,0.001076,1.97E-4,3.15E-4],"optimizationTimes":[28.209903,24.117378,23.599724,23.888083,27.348026],"planningTimes":[3.168503,3.164032,2.993113,3.058631,3.730999],"executionTimes":[11361.758484,11563.085411,9791.899446,10079.807931,10032.593619],"runtimes":[11.393139062,11.590368952,9.818494455999998,10.106755429,10.063673584999998]}
{"timestamp":1548891359182,"name":"q53-v1.4","analysisTimes":[7.2E-4,0.001524,0.001234,4.26E-4,5.38E-4],"parsingTimes":[0.001828,0.001488,0.001418,6.0E-4,2.04E-4],"optimizationTimes":[63.348351,61.208822,60.879235,61.012002,60.374198],"planningTimes":[5.112401,5.42715,5.015128,4.940874,4.903448],"executionTimes":[9424.845943,8984.504656,9639.951667,10186.319661,9584.357359],"runtimes":[9.493309243,9.051143639999998,9.705848682,10.252273563,9.649635747]}
{"timestamp":1548891359182,"name":"q55-v1.4","analysisTimes":[0.005568,8.74E-4,0.001046,4.59E-4,5.47E-4],"parsingTimes":[0.001252,0.001079,0.001067,3.16E-4,2.07E-4],"optimizationTimes":[21.906875,21.438335,22.716244,21.305783,21.817628],"planningTimes":[2.964405,2.94142,2.948029,2.960068,2.974785],"executionTimes":[10137.997603,10443.143032,11577.957211,11712.467896,12571.515548],"runtimes":[10.162875703,10.46752474,11.603623597000002,11.736734522,12.596308715]}
{"timestamp":1548891359182,"name":"q59-v1.4","analysisTimes":[0.001448,0.001048,8.99E-4,4.35E-4,4.2E-4],"parsingTimes":[0.001181,0.001111,0.001421,3.25E-4,5.04E-4],"optimizationTimes":[109.455542,110.361983,108.449144,109.570554,107.238655],"planningTimes":[15.009584,15.871121,14.796193,14.258287,14.224965],"executionTimes":[13782.274151,13927.714576,14636.882624,13210.26823,13976.519588],"runtimes":[13.906741905999999,14.053949839000001,14.760130281,13.334097831,14.097984131999999]}
{"timestamp":1548891359182,"name":"q63-v1.4","analysisTimes":[0.001062,0.001106,9.42E-4,4.3E-4,4.27E-4],"parsingTimes":[0.001584,9.4E-4,0.001257,3.25E-4,2.61E-4],"optimizationTimes":[64.691202,60.866171,60.428514,60.847896,62.179909],"planningTimes":[4.948,5.059683,5.215514,4.849364,4.929719],"executionTimes":[9868.411266,9716.311352,9428.675084,9908.707914,10257.636128],"runtimes":[9.938053113999999,9.782239252000002,9.494321311,9.974405929000001,10.324746444]}
{"timestamp":1548891359182,"name":"q65-v1.4","analysisTimes":[0.00103,8.53E-4,7.47E-4,6.79E-4,6.03E-4],"parsingTimes":[7.81E-4,0.001095,0.00102,5.89E-4,3.66E-4],"optimizationTimes":[67.572327,69.346491,67.6768,69.529577,67.468815],"planningTimes":[8.972203,9.717213,8.843301,8.998361,8.943551],"executionTimes":[34454.981307,37612.189149,38725.922511,38503.609776,39663.428217],"runtimes":[34.531527648,37.69125480099999,38.802444379,38.582138982,39.739841552]}
{"timestamp":1548891359182,"name":"q68-v1.4","analysisTimes":[0.001063,8.13E-4,0.001598,4.23E-4,6.23E-4],"parsingTimes":[0.001476,7.51E-4,0.001152,2.2E-4,3.22E-4],"optimizationTimes":[110.606538,110.31435,111.226018,114.695169,114.753186],"planningTimes":[7.041117,7.112772,7.08381,7.075975,7.093224],"executionTimes":[25637.721117,26611.707266,24172.055239,25442.254428,27551.919043],"runtimes":[25.755371311,26.729135952,24.290367817000003,25.564026215000002,27.673766398000005]}
{"timestamp":1548891359182,"name":"q7-v1.4","analysisTimes":[8.25E-4,0.001512,0.001,8.8E-4,6.1E-4],"parsingTimes":[0.001379,0.001663,0.001157,0.001096,2.33E-4],"optimizationTimes":[74.650436,72.943194,72.202179,74.739994,72.62321],"planningTimes":[5.054258,5.297774,4.792245,4.932468,4.817502],"executionTimes":[20659.994589,16582.179471,17648.447244,17177.026108,16388.285376],"runtimes":[20.739701487,16.660423614,17.725443825,17.256700545999998,16.465726931000003]}
{"timestamp":1548891359182,"name":"q70-v1.4","analysisTimes":[7.46E-4,0.001138,9.53E-4,4.5E-4,5.08E-4],"parsingTimes":[0.00141,0.001176,0.00102,0.006759,2.52E-4],"optimizationTimes":[65.065627,66.5158,65.140623,64.526644,72.603788],"planningTimes":[10.536668,10.435164,10.559469,10.485397,10.306284],"executionTimes":[13922.08593,13723.814181,13908.336439,16241.4057,15426.12989],"runtimes":[13.997690380999998,13.800767459000001,13.984038504,16.31642495,15.509040722]}
{"timestamp":1548891359182,"name":"q73-v1.4","analysisTimes":[0.001754,8.48E-4,0.001002,3.13E-4,4.32E-4],"parsingTimes":[0.001651,0.00104,0.0013,3.12E-4,1.91E-4],"optimizationTimes":[79.478058,80.242623,79.777973,80.335223,79.267245],"planningTimes":[5.230652,5.300005,5.277169,5.422381,5.172082],"executionTimes":[7067.713296,7167.90745,7583.024233,7059.905585,7617.140223],