{"timestamp":1548879998225,"name":"q19-v1.4","analysisTimes":[0.001597,0.001436,0.001499,9.87E-4,0.001615],"parsingTimes":[0.002708,0.003656,0.002924,0.0017,0.00221],"optimizationTimes":[105.017575,89.781591,90.018321,88.016994,95.915705],"planningTimes":[14.087275,7.028586,6.848726,6.881516,6.369634],"executionTimes":[84199.523943,85968.162695,88094.343675,85963.56019,83686.943331],"runtimes":[84.31863309799999,86.06497796400001,88.191215145,86.05846138700001,83.78923249500001]}
{"timestamp":1548879998225,"name":"q27-v1.4","analysisTimes":[7.87E-4,0.00109,8.22E-4,0.001159,0.001235],"parsingTimes":[0.001817,0.002432,0.002293,0.001846,0.002026],"optimizationTimes":[99.37976,82.514164,82.09464,82.046236,91.514592],"planningTimes":[8.518119,6.219674,5.941597,5.939058,6.198501],"executionTimes":[146425.642615,182918.216966,83552.135217,106929.576182,193639.387403],"runtimes":[146.533543098,183.006954326,83.64017456900001,107.01756448100001,193.737103757]}
{"timestamp":1548879998225,"name":"q3-v1.4","analysisTimes":[0.007531,0.001743,0.001216,0.00149,9.69E-4],"parsingTimes":[0.017075,0.021215,0.002626,0.001843,0.001609],"optimizationTimes":[35.578175,20.828577,21.593583,20.214983,20.710529],"planningTimes":[9.533365,4.620937,3.631445,3.357688,3.456868],"executionTimes":[54001.76478,49310.999659,46919.994958,131506.220066,47007.15903],"runtimes":[54.04690092599999,49.336472131,46.945223828,131.52979607,47.031329004999996]}
{"timestamp":1548879998225,"name":"q34-v1.4","analysisTimes":[0.001534,0.001283,7.54E-4,9.77E-4,7.34E-4],"parsingTimes":[0.00261,0.003271,0.002555,0.001733,0.003189],"optimizationTimes":[97.205814,93.120811,84.040557,82.145333,81.367178],"planningTimes":[11.096105,7.902243,6.48149,6.282441,6.079709],"executionTimes":[22281.327866,62299.388296,22984.507434,52441.424035,440838.194166],"runtimes":[22.389633929,62.40041590399999,23.075032789999998,52.52985451899999,440.925644976]}
{"timestamp":1548879998225,"name":"q42-v1.4","analysisTimes":[0.001415,0.001227,0.001177,9.58E-4,0.001358],"parsingTimes":[0.002191,0.00248,0.002584,0.001921,0.002551],"optimizationTimes":[25.848362,24.676215,25.450831,23.327528,23.685884],"planningTimes":[4.871776,4.060012,3.777585,3.576751,3.39697],"executionTimes":[49180.713395,50883.056732,45306.010384,48518.57371,44563.265455],"runtimes":[49.211437139000004,50.911796665999994,45.335242561,48.545480868,44.590352218]}
{"timestamp":1548879998225,"name":"q43-v1.4","analysisTimes":[0.001519,6.35E-4,0.001536,0.001076,0.001536],"parsingTimes":[0.002437,0.00302,0.002965,0.002266,0.008628],"optimizationTimes":[29.542469,27.247746,29.261607,28.92898,27.005804],"planningTimes":[8.11941,4.616911,6.014828,4.49224,4.261655],"executionTimes":[17092.116202,18294.047166,17210.509177,16379.995296,18315.854111],"runtimes":[17.129782037000002,18.325915478,17.245790112999998,16.413419857999997,18.347131734]}
{"timestamp":1548879998225,"name":"q46-v1.4","analysisTimes":[0.001131,9.79E-4,0.001141,0.001671,0.001267],"parsingTimes":[0.002235,0.003177,0.003162,0.001688,0.002004],"optimizationTimes":[109.877648,110.185799,104.177157,99.589225,104.575468],"planningTimes":[11.508636,9.484916,9.609023,8.6461,7.326888],"executionTimes":[134621.01928,316706.189213,73399.836136,69755.275203,123324.210443],"runtimes":[134.74240893,316.825864084,73.51362661900001,69.863513887,123.43611607]}
{"timestamp":1548879998225,"name":"q52-v1.4","analysisTimes":[9.81E-4,0.001358,0.00145,7.83E-4,0.001042],"parsingTimes":[0.002692,0.002667,0.002671,0.001755,0.002233],"optimizationTimes":[25.314185,23.88049,27.660824,22.943399,24.413123],"planningTimes":[4.777133,3.742044,7.881024,3.377907,3.68066],"executionTimes":[94347.501599,55032.952451,126815.231302,95127.761512,194003.1465],"runtimes":[94.37759659,55.06057900999999,126.850777271,95.154085356,194.03124355800003]}
{"timestamp":1548879998225,"name":"q53-v1.4","analysisTimes":[0.001807,5.89E-4,0.001181,7.98E-4,0.001622],"parsingTimes":[0.002468,0.002608,0.001658,0.002167,0.002225],"optimizationTimes":[71.995016,61.877615,59.240958,59.999184,64.824706],"planningTimes":[8.712736,7.130447,6.077506,5.515783,5.578255],"executionTimes":[53163.463196,37716.314906,71832.204218,138330.189603,97150.484914],"runtimes":[53.244175223,37.785326165,71.897525521,138.39570753499999,97.220891722]}
{"timestamp":1548879998225,"name":"q55-v1.4","analysisTimes":[0.001421,0.001255,0.001231,9.65E-4,0.001038],"parsingTimes":[0.002214,0.002438,0.001539,0.001744,0.00172],"optimizationTimes":[22.724322,21.204098,21.572861,20.907009,21.64291],"planningTimes":[4.379352,3.428345,3.366664,3.222456,3.312761],"executionTimes":[52608.140429,96336.92325,174922.600465,93524.751349,139396.552566],"runtimes":[52.635247738,96.36155938600001,174.94754275999998,93.548883523,139.42151099499998]}
{"timestamp":1548879998225,"name":"q59-v1.4","analysisTimes":[0.00163,0.001811,0.001951,0.001059,0.001448],"parsingTimes":[0.002595,0.002755,0.001995,0.002661,0.002254],"optimizationTimes":[125.08888,109.795229,106.269332,107.777439,107.114967],"planningTimes":[26.078701,19.066676,16.910795,15.587172,15.566833],"executionTimes":[34753.383029,34438.758593,151357.444493,31579.957764,31654.879373],"runtimes":[34.90455483499999,34.567625064,151.480628566,31.703326095,31.777564875]}
{"timestamp":1548879998225,"name":"q63-v1.4","analysisTimes":[0.001087,7.28E-4,8.83E-4,0.001589,8.59E-4],"parsingTimes":[0.002583,0.002727,0.001891,0.001747,0.001481],"optimizationTimes":[66.459729,61.990673,61.455049,61.031918,60.226892],"planningTimes":[9.276664,5.664359,5.713058,5.784836,6.932888],"executionTimes":[54070.361743,46352.215066,41454.799078,37159.198599,84748.629415],"runtimes":[54.146101806,46.419873552999995,41.521969958999996,37.22601868900001,84.815791535]}
{"timestamp":1548879998225,"name":"q65-v1.4","analysisTimes":[0.001224,0.001281,0.001558,0.008672,8.89E-4],"parsingTimes":[0.002396,0.002629,0.001806,0.00274,0.002068],"optimizationTimes":[71.299872,66.850582,65.964818,67.886161,67.718414],"planningTimes":[13.322416,12.288015,10.321721,10.808249,10.126976],"executionTimes":[146898.270677,146797.637911,149262.958272,143133.654455,157966.482248],"runtimes":[146.982896585,146.876780418,149.339248175,143.212360277,158.044330595]}
{"timestamp":1548879998225,"name":"q68-v1.4","analysisTimes":[0.001328,0.015288,0.001595,7.84E-4,0.001552],"parsingTimes":[0.002305,0.002918,0.00169,0.001487,0.001854],"optimizationTimes":[113.712913,106.704048,103.459523,108.636053,105.098487],"planningTimes":[9.338433,8.193758,7.658811,8.334755,7.967216],"executionTimes":[382120.57018,334103.072008,264991.895272,364205.72654,342116.081146],"runtimes":[382.243625159,334.21798802,265.103016891,364.32269961900005,342.229150255]}
{"timestamp":1548879998225,"name":"q7-v1.4","analysisTimes":[0.001034,0.001375,6.65E-4,6.54E-4,0.001125],"parsingTimes":[0.002604,0.002408,0.003386,0.001503,0.001461],"optimizationTimes":[92.389027,72.049908,68.592811,72.291155,69.805629],"planningTimes":[9.861907,6.104944,5.28049,5.649211,5.307414],"executionTimes":[154216.548205,151619.652005,72420.505528,73669.379574,103430.629116],"runtimes":[154.318802777,151.69781064,72.49438287999999,73.74732209700001,103.505744745]}
{"timestamp":1548879998225,"name":"q70-v1.4","analysisTimes":[0.001905,0.001701,0.001838,8.92E-4,0.001315],"parsingTimes":[0.00264,0.002994,0.00166,0.001618,0.001864],"optimizationTimes":[68.482462,63.90742,61.326636,64.682597,65.112952],"planningTimes":[15.140079,11.996813,11.158253,12.210372,10.995931],"executionTimes":[60560.336605,86187.067906,54916.602809,52634.024008,52776.499892],"runtimes":[60.643963690999996,86.262976834,54.989091196000004,52.710919487,52.852611954]}
{"timestamp":1548879998225,"name":"q73-v1.4","analysisTimes":[0.001006,7.39E-4,0.001416,0.001266,9.41E-4],"parsingTimes":[0.002096,0.002243,0.002045,0.001703,0.001633],"optimizationTimes":[85.479482,78.438796,78.449041,79.315324,78.027808],"planningTimes":[9.421894,6.030968,6.214295,6.371782,5.894987],