{"timestamp":1548893437956,"name":"q19-v1.4","analysisTimes":[0.001573,0.001697,0.001364,0.001423,0.001393],"parsingTimes":[0.002449,0.001919,0.002108,0.002205,0.001986],"optimizationTimes":[90.91477,97.841186,89.939423,90.477707,88.543061],"planningTimes":[6.798806,6.808207,6.068129,6.711053,6.353493],"executionTimes":[32259.226259,29303.286642,23641.993263,22982.163752,49081.359543],"runtimes":[32.356943857,29.407939651,23.738004287,23.07935614,49.176259476]}
{"timestamp":1548893437956,"name":"q27-v1.4","analysisTimes":[0.002357,0.00166,0.001388,0.001552,0.00155],"parsingTimes":[0.002055,0.002198,0.001899,0.002423,0.002316],"optimizationTimes":[88.781881,85.050221,82.661304,83.092875,83.580828],"planningTimes":[6.477051,5.869027,5.510654,5.642872,5.915741],"executionTimes":[19223.029058,19783.938206,19060.887438,22134.224364,25887.739243],"runtimes":[19.318292402,19.874861311999997,19.149062683,22.222964086,25.977239678]}
{"timestamp":1548893437956,"name":"q3-v1.4","analysisTimes":[0.001599,0.001646,0.001693,0.001496,0.001637],"parsingTimes":[0.002168,0.002184,0.002495,0.001953,0.001972],"optimizationTimes":[21.755926,22.626796,20.697686,20.282361,20.071789],"planningTimes":[3.78256,3.702567,3.246948,3.770154,3.343965],"executionTimes":[16471.835366,23710.83526,15493.461087,12390.475463,13055.592432],"runtimes":[16.497377618999998,23.737168453,15.517409909,12.414531427,13.079011795]}
{"timestamp":1548893437956,"name":"q34-v1.4","analysisTimes":[0.001302,0.002108,0.001845,0.001345,0.00174],"parsingTimes":[0.001682,0.002595,0.001921,0.00228,0.003168],"optimizationTimes":[81.09089,83.047433,78.834891,78.747447,82.434699],"planningTimes":[6.017443,6.1128,5.660637,5.913839,6.045213],"executionTimes":[11044.605491,9287.963365,9649.183371,9709.511852,8810.218084],"runtimes":[11.131716808,9.377128300999999,9.733682664999998,9.794176763,8.898702904]}
{"timestamp":1548893437956,"name":"q42-v1.4","analysisTimes":[0.001282,0.001483,0.001637,0.001312,0.001433],"parsingTimes":[0.001628,0.001781,0.00261,0.001852,0.00154],"optimizationTimes":[26.83949,23.592658,23.933286,23.37904,22.654423],"planningTimes":[3.599291,3.452736,3.305021,3.367671,3.081275],"executionTimes":[13593.567208,13063.405961,12256.45265,14202.02367,19070.116254],"runtimes":[13.624008899,13.090454619,12.283695203999999,14.228773545,19.095854925]}
{"timestamp":1548893437956,"name":"q43-v1.4","analysisTimes":[0.001912,0.00132,0.001543,0.001821,0.001532],"parsingTimes":[0.002708,0.001516,0.00244,0.002429,0.001891],"optimizationTimes":[28.317213,27.0623,27.676671,28.112653,28.254775],"planningTimes":[4.569705,4.267985,4.409528,4.400698,4.282772],"executionTimes":[5089.787605,6013.555988,6779.471252,6630.778438,8271.33238],"runtimes":[5.122679143,6.044889109,6.811561434000001,6.663296039,8.30387335]}
{"timestamp":1548893437956,"name":"q46-v1.4","analysisTimes":[0.00154,0.001729,0.001661,0.001395,0.001655],"parsingTimes":[0.001814,0.001652,0.002032,0.001678,0.001945],"optimizationTimes":[107.845315,99.635212,99.695987,99.082839,103.369566],"planningTimes":[7.612138,7.351435,7.439431,7.041501,7.846785],"executionTimes":[23217.562529,23620.26949,24115.125202,25316.2146,23634.38003],"runtimes":[23.333023336,23.727259518,24.222264313,25.422342012999998,23.745599980999998]}
{"timestamp":1548893437956,"name":"q52-v1.4","analysisTimes":[0.001509,0.001279,0.001844,0.001661,0.001358],"parsingTimes":[0.002272,0.001658,0.002847,0.002073,0.001944],"optimizationTimes":[23.776455,22.774882,25.391462,22.636203,22.703742],"planningTimes":[3.54917,3.28116,3.673336,3.24106,3.131229],"executionTimes":[11607.840611,13473.512685,13396.556552,16916.574595,15564.220031],"runtimes":[11.635170017,13.499571664,13.425626041,16.942455591999998,15.590058304]}
{"timestamp":1548893437956,"name":"q53-v1.4","analysisTimes":[0.001497,0.001527,0.00136,0.001408,0.001535],"parsingTimes":[0.001949,0.001918,0.001815,0.002082,0.002234],"optimizationTimes":[64.191749,63.563392,60.257733,63.819891,59.4443],"planningTimes":[5.727628,6.14283,5.279559,5.755411,5.093073],"executionTimes":[12174.014713,11179.554251,13215.757162,13016.071845,13146.816337],"runtimes":[12.243937536,11.249263917999999,13.281297629,13.085650637,13.211357479]}
{"timestamp":1548893437956,"name":"q55-v1.4","analysisTimes":[0.002096,0.001559,0.002076,0.001433,0.001107],"parsingTimes":[0.00284,0.002227,0.003018,0.001815,0.001692],"optimizationTimes":[32.738517,20.679536,23.584223,21.153827,21.452327],"planningTimes":[5.287502,3.23077,3.926529,3.325401,3.157673],"executionTimes":[15451.380977,15016.507752,14065.614678,13580.698765,12187.477949],"runtimes":[15.489411932000001,15.040421844,14.093130524,13.605181240999999,12.212090748000001]}
{"timestamp":1548893437956,"name":"q59-v1.4","analysisTimes":[0.001517,0.00195,0.001954,0.001478,0.001744],"parsingTimes":[0.001682,0.00217,0.002747,0.002765,0.002011],"optimizationTimes":[104.778915,109.288515,106.183023,103.538349,112.574868],"planningTimes":[24.266965,19.017298,15.821645,14.890565,16.647483],"executionTimes":[15297.727485,14815.030948,14393.063353,15626.833096,25158.629908],"runtimes":[15.426776563999999,14.943340881,14.515072722,15.745266253,25.287856013999995]}
{"timestamp":1548893437956,"name":"q63-v1.4","analysisTimes":[0.001734,0.001623,0.001688,0.001424,0.00127],"parsingTimes":[0.001589,0.001575,0.001675,0.002173,0.002068],"optimizationTimes":[63.121867,59.958661,60.467562,59.610411,59.099631],"planningTimes":[5.432579,5.414978,5.16972,6.259197,5.450702],"executionTimes":[13318.681244,10909.801607,11846.645907,10987.55282,11475.367998],"runtimes":[13.387239012999999,10.975178443999999,11.912286552,11.053426025,11.539921669]}
{"timestamp":1548893437956,"name":"q65-v1.4","analysisTimes":[0.001623,0.001563,0.001936,0.001916,0.00162],"parsingTimes":[0.002279,0.001654,0.002627,0.002413,0.002868],"optimizationTimes":[67.947174,65.317609,67.338292,70.387193,68.908559],"planningTimes":[11.276428,9.663011,11.741593,10.313977,10.58191],"executionTimes":[42259.866705,40350.019303,46907.178885,48595.467508,45689.17994],"runtimes":[42.339094209,40.42500314,46.986263333000004,48.676173007,45.768674897000004]}
{"timestamp":1548893437956,"name":"q68-v1.4","analysisTimes":[0.001293,0.001763,0.001531,0.001361,0.001151],"parsingTimes":[0.001854,0.001937,0.001779,0.001594,0.002249],"optimizationTimes":[105.912516,113.830266,108.107391,105.331517,110.296143],"planningTimes":[7.762409,8.059618,7.547265,8.584443,7.718116],"executionTimes":[32910.158144,30155.331134,30461.902518,32166.176459,51771.406797],"runtimes":[33.02383621600001,30.277224718000003,30.577560484,32.280095374,51.889424456]}
{"timestamp":1548893437956,"name":"q7-v1.4","analysisTimes":[0.001411,0.001317,0.001643,0.001832,0.001771],"parsingTimes":[0.001898,0.001612,0.002866,0.002389,0.002443],"optimizationTimes":[69.532538,68.108741,69.902548,71.301683,72.767583],"planningTimes":[5.380142,5.174034,5.384067,5.572591,5.319761],"executionTimes":[21469.999789,21637.225329,20823.961514,20442.774296,20714.231184],"runtimes":[21.544915778000004,21.710511033000003,20.899252637999997,20.519652791000002,20.792322742]}
{"timestamp":1548893437956,"name":"q70-v1.4","analysisTimes":[0.00114,0.001661,0.001885,0.001638,0.001515],"parsingTimes":[0.001597,0.00211,0.00197,0.001598,0.00172],"optimizationTimes":[68.555695,65.559052,66.77012,64.12442,63.521198],"planningTimes":[15.021039,12.08231,10.884155,10.54833,10.522166],"executionTimes":[19847.632077,17736.803464,21372.453692,16253.916292,19410.71581],"runtimes":[19.931211548,17.814448597000002,21.450111822,16.328592278,19.484762409000002]}
{"timestamp":1548893437956,"name":"q73-v1.4","analysisTimes":[0.001415,0.001397,0.001558,0.001252,0.001681],"parsingTimes":[0.001816,0.00165,0.002078,0.001715,0.001908],"optimizationTimes":[77.933702,79.082212,77.602282,80.428587,75.830098],"planningTimes":[5.889662,6.123717,5.912207,5.648521,5.389343],"executionTimes":[7004.058828,9936.216388,9226.496747,8680.022315,9005.901322],