{"timestamp":1548911302948,"name":"q19-v1.4","analysisTimes":[3.38E-4,2.5E-4,3.78E-4,3.71E-4,4.0E-4],"parsingTimes":[2.16E-4,2.19E-4,2.57E-4,2.29E-4,4.46E-4],"optimizationTimes":[96.11955,93.706288,93.438403,94.589385,91.330202],"planningTimes":[8.002149,5.70618,5.656699,5.898539,5.702812],"executionTimes":[10672.299851,7083.751988,8274.236753,7397.678653,7324.464154],"runtimes":[10.776422104,7.183164925,8.37333249,7.498167177,7.421498014]}
{"timestamp":1548911302948,"name":"q27-v1.4","analysisTimes":[4.1E-4,6.41E-4,3.68E-4,3.33E-4,6.51E-4],"parsingTimes":[3.2E-4,3.41E-4,3.72E-4,2.76E-4,3.41E-4],"optimizationTimes":[87.197243,87.023325,89.851138,91.640891,87.522095],"planningTimes":[5.158007,5.149442,5.347249,5.37392,5.122597],"executionTimes":[6780.782829,7176.396081,7031.531483,6797.919995,7115.205009],"runtimes":[6.873138809,7.26856983,7.126730609999999,6.894935415,7.207850693]}
{"timestamp":1548911302948,"name":"q3-v1.4","analysisTimes":[0.001044,3.28E-4,3.6E-4,3.22E-4,4.1E-4],"parsingTimes":[2.9E-4,4.85E-4,3.63E-4,2.67E-4,3.46E-4],"optimizationTimes":[21.540455,21.081875,21.173425,21.158665,20.828961],"planningTimes":[3.025597,2.906792,2.901687,2.924936,2.857456],"executionTimes":[3346.095389,2770.276544,2842.743001,2907.740659,2669.397734],"runtimes":[3.3706627750000004,2.794266024,2.8668188359999998,2.9318248490000003,2.693084907]}
{"timestamp":1548911302948,"name":"q34-v1.4","analysisTimes":[4.35E-4,4.46E-4,3.79E-4,3.86E-4,3.34E-4],"parsingTimes":[2.07E-4,3.15E-4,3.05E-4,2.02E-4,4.09E-4],"optimizationTimes":[84.161605,82.18294,89.343057,82.199764,81.564666],"planningTimes":[5.292861,5.421936,7.342393,5.354115,5.316117],"executionTimes":[4502.954839,5467.510475,4552.06676,4433.521103,5027.941726],"runtimes":[4.592409947,5.555116111999999,4.648752893999999,4.52107557,5.114823252]}
{"timestamp":1548911302948,"name":"q42-v1.4","analysisTimes":[5.05E-4,2.87E-4,3.29E-4,4.62E-4,3.77E-4],"parsingTimes":[1.85E-4,3.09E-4,3.37E-4,2.56E-4,4.18E-4],"optimizationTimes":[23.993395,24.224431,24.11087,24.141458,23.403462],"planningTimes":[3.002071,3.136078,3.011502,3.032921,3.00886],"executionTimes":[2755.476851,3306.415021,2618.139225,3179.585682,3137.415495],"runtimes":[2.782473007,3.3337761259999996,2.6452622630000002,3.2067607789999997,3.163828612]}
{"timestamp":1548911302948,"name":"q43-v1.4","analysisTimes":[3.4E-4,3.35E-4,8.41E-4,0.001201,3.61E-4],"parsingTimes":[4.82E-4,4.28E-4,1.99E-4,5.57E-4,1.95E-4],"optimizationTimes":[27.330378,27.463036,27.88325,28.031505,28.267476],"planningTimes":[3.897356,3.821281,3.865175,4.281507,3.864865],"executionTimes":[3598.094136,3744.089398,4202.310595,3839.997625,3599.349102],"runtimes":[3.629322692,3.7753744780000003,4.23406006,3.872312395,3.631481999]}
{"timestamp":1548911302948,"name":"q46-v1.4","analysisTimes":[3.33E-4,2.73E-4,3.67E-4,3.41E-4,4.84E-4],"parsingTimes":[1.97E-4,4.27E-4,1.99E-4,2.37E-4,2.95E-4],"optimizationTimes":[105.803574,106.138748,109.049412,109.465656,114.758172],"planningTimes":[6.740466,6.785634,6.858841,7.829262,7.449742],"executionTimes":[10031.613687,9446.373741,10066.395354,8998.235436,11301.67861],"runtimes":[10.144158256999999,9.559298822999999,10.182304173,9.115530932000002,11.423887303]}
{"timestamp":1548911302948,"name":"q52-v1.4","analysisTimes":[3.33E-4,3.57E-4,3.53E-4,6.63E-4,3.1E-4],"parsingTimes":[2.56E-4,1.98E-4,2.1E-4,3.32E-4,6.23E-4],"optimizationTimes":[23.059742,25.166083,26.241476,28.764477,23.461682],"planningTimes":[2.939926,3.023741,3.178389,3.033463,3.052643],"executionTimes":[3554.594667,3124.934994,2988.494047,3877.468457,3365.949563],"runtimes":[3.580594924,3.1531253730000004,3.017914475,3.909267392,3.392464821]}
{"timestamp":1548911302948,"name":"q53-v1.4","analysisTimes":[4.56E-4,3.58E-4,3.29E-4,3.48E-4,4.21E-4],"parsingTimes":[2.1E-4,3.43E-4,2.24E-4,2.8E-4,2.87E-4],"optimizationTimes":[60.345507,68.189839,67.590626,61.747842,63.75179],"planningTimes":[4.842154,5.704131,5.085997,4.906955,4.855652],"executionTimes":[4448.235979,5173.982263,3754.774281,3699.295702,3781.063369],"runtimes":[4.513424306,5.247876934,3.827451457,3.7659511269999997,3.849671519]}
{"timestamp":1548911302948,"name":"q55-v1.4","analysisTimes":[3.14E-4,3.41E-4,4.69E-4,9.3E-4,3.2E-4],"parsingTimes":[3.24E-4,3.38E-4,3.24E-4,3.51E-4,2.16E-4],"optimizationTimes":[21.248208,22.279075,21.358394,22.423564,22.025019],"planningTimes":[2.886232,2.966508,2.926139,2.93591,3.197079],"executionTimes":[4028.489736,3834.589618,3541.7433,3204.795759,3209.763184],"runtimes":[4.052624814,3.85983588,3.5660286260000005,3.2301565140000004,3.234985818]}
{"timestamp":1548911302948,"name":"q59-v1.4","analysisTimes":[3.65E-4,3.27E-4,3.33E-4,5.62E-4,3.1E-4],"parsingTimes":[4.74E-4,1.91E-4,3.74E-4,2.1E-4,2.57E-4],"optimizationTimes":[107.656098,108.585732,110.315862,109.814939,107.91958],"planningTimes":[14.31301,14.420555,14.749495,14.758322,14.627007],"executionTimes":[11951.958379,11467.615005,11406.916009,11455.736263,11462.31622],"runtimes":[12.073928325999999,11.59062181,11.531982073000002,11.580310296000002,11.584863374000001]}
{"timestamp":1548911302948,"name":"q63-v1.4","analysisTimes":[4.58E-4,3.82E-4,4.72E-4,3.85E-4,3.42E-4],"parsingTimes":[3.17E-4,3.12E-4,2.9E-4,7.68E-4,3.6E-4],"optimizationTimes":[61.067259,61.966607,61.266167,63.220715,60.82413],"planningTimes":[4.975427,4.922155,5.077065,4.934259,4.896567],"executionTimes":[3744.226671,3234.784562,4150.260028,3419.426754,3358.189022],"runtimes":[3.8102701320000003,3.3016740179999995,4.216604021999999,3.4875828810000002,3.423910421]}
{"timestamp":1548911302948,"name":"q65-v1.4","analysisTimes":[4.2E-4,9.5E-4,3.62E-4,3.36E-4,3.53E-4],"parsingTimes":[3.23E-4,3.75E-4,3.25E-4,1.93E-4,1.89E-4],"optimizationTimes":[67.126025,69.007675,69.102517,68.829941,67.129836],"planningTimes":[8.97801,9.179937,9.207253,8.968705,8.893062],"executionTimes":[21901.268261,19194.904485,19450.341493,20808.966528,19817.514934],"runtimes":[21.977373039000003,19.273093422,19.52865195,20.886765703000002,19.893538374]}
{"timestamp":1548911302948,"name":"q68-v1.4","analysisTimes":[4.89E-4,3.29E-4,5.39E-4,3.53E-4,4.29E-4],"parsingTimes":[3.11E-4,3.4E-4,3.59E-4,3.04E-4,2.02E-4],"optimizationTimes":[111.7106,113.07199,113.147246,116.166506,116.200903],"planningTimes":[6.919606,7.098324,7.037997,7.051892,7.035107],"executionTimes":[11063.805527,10747.107175,9362.957428,10071.980799,9642.305427],"runtimes":[11.182436533,10.867278158,9.483143569,10.195199854,9.765542067999998]}
{"timestamp":1548911302948,"name":"q7-v1.4","analysisTimes":[8.3E-4,3.07E-4,3.7E-4,5.99E-4,3.24E-4],"parsingTimes":[2.02E-4,3.47E-4,4.03E-4,3.07E-4,2.11E-4],"optimizationTimes":[76.961966,72.314079,73.490413,73.941048,74.044544],"planningTimes":[4.760279,4.846472,4.779472,4.90284,4.98567],"executionTimes":[7031.903713,7135.134633,7180.309672,6817.122994,6275.448816],"runtimes":[7.113626989999999,7.212295838,7.258580330000001,6.895967788,6.354479564999999]}
{"timestamp":1548911302948,"name":"q70-v1.4","analysisTimes":[4.71E-4,4.52E-4,3.5E-4,8.77E-4,3.62E-4],"parsingTimes":[1.94E-4,2.27E-4,2.24E-4,2.96E-4,7.04E-4],"optimizationTimes":[71.901469,66.150678,65.653384,65.816907,65.176593],"planningTimes":[13.156192,10.137064,10.319705,10.259075,10.280224],"executionTimes":[7809.342843,7577.619662,7693.107898,7711.413332,7933.196004],"runtimes":[7.894401169000001,7.653908083,7.769081561,7.787490487,8.008653887000001]}
{"timestamp":1548911302948,"name":"q73-v1.4","analysisTimes":[7.43E-4,4.48E-4,3.19E-4,3.66E-4,3.69E-4],"parsingTimes":[1.89E-4,4.92E-4,2.98E-4,2.81E-4,2.2E-4],"optimizationTimes":[81.057049,81.788214,82.208436,80.148135,80.732524],"planningTimes":[5.480295,5.285298,5.37421,5.488754,5.453534],"executionTimes":[4034.753174,3667.259136,4444.328664,4064.848432,4461.192084],"runtimes":[4.121291449999999,3.754333588,4.531911927,4.150485968,4.547378731000001]}
{"timestamp":1548911302948,"name":"q79-v1.4","analysisTimes":[3.15E-4,3.57E-4,6.8E-4,3.43E-4,4.05E-4],