{"timestamp":1548893841467,"name":"q19-v1.4","analysisTimes":[0.001003,4.86E-4,6.24E-4,9.46E-4,4.39E-4],"parsingTimes":[4.34E-4,2.38E-4,1.87E-4,2.52E-4,2.0E-4],"optimizationTimes":[93.297081,92.856237,93.26874,94.66073,94.662898],"planningTimes":[5.790627,5.75826,6.003169,5.776939,5.915273],"executionTimes":[34482.206975,65661.999093,33280.428774,50667.080924,41263.878403],"runtimes":[34.58129612,65.76061431400001,33.379701494,50.767519791,41.364457213]}
{"timestamp":1548893841467,"name":"q27-v1.4","analysisTimes":[4.25E-4,4.84E-4,8.45E-4,6.01E-4,4.14E-4],"parsingTimes":[4.9E-4,3.12E-4,1.93E-4,1.95E-4,3.29E-4],"optimizationTimes":[90.916398,88.540024,87.033965,88.928158,86.939011],"planningTimes":[5.339514,5.226186,5.402407,5.242669,5.104145],"executionTimes":[100534.172371,27624.756316,26065.750811,27542.054195,106370.792099],"runtimes":[100.630429198,27.718523321999996,26.158188221,27.636225818,106.46283599799999]}
{"timestamp":1548893841467,"name":"q3-v1.4","analysisTimes":[0.001192,9.04E-4,4.68E-4,4.25E-4,6.36E-4],"parsingTimes":[2.55E-4,2.6E-4,2.2E-4,2.06E-4,3.15E-4],"optimizationTimes":[24.860235,21.047498,22.950315,21.409466,21.249131],"planningTimes":[3.261494,2.995491,3.192242,2.890181,3.040571],"executionTimes":[16402.199953,18293.00195,21422.814086,19078.360449,19489.621041],"runtimes":[16.430323129,18.317046103,21.448957331,19.102660727,19.513911693999997]}
{"timestamp":1548893841467,"name":"q34-v1.4","analysisTimes":[4.48E-4,5.86E-4,5.84E-4,5.94E-4,4.7E-4],"parsingTimes":[3.01E-4,1.99E-4,3.39E-4,2.2E-4,3.29E-4],"optimizationTimes":[81.600484,85.55866,81.610545,87.037698,81.966077],"planningTimes":[6.007524,6.296992,5.410417,5.33816,5.486148],"executionTimes":[33969.511501,14805.610082,13173.191487,10441.950772,22494.255131],"runtimes":[34.057120258000005,14.897466519,13.260213372,10.534327444,22.581708155]}
{"timestamp":1548893841467,"name":"q42-v1.4","analysisTimes":[7.71E-4,4.53E-4,4.23E-4,7.84E-4,5.96E-4],"parsingTimes":[1.91E-4,1.93E-4,1.97E-4,1.86E-4,4.98E-4],"optimizationTimes":[25.340191,23.436656,24.019523,23.767917,23.977917],"planningTimes":[3.282116,3.009996,3.013578,3.059352,3.386599],"executionTimes":[18935.053584,20408.075743,22406.472626,20459.580271,16621.939149],"runtimes":[18.963676853000003,20.434523041000002,22.433506346999998,20.486408509999997,16.649304759000003]}
{"timestamp":1548893841467,"name":"q43-v1.4","analysisTimes":[5.65E-4,6.08E-4,5.79E-4,4.21E-4,4.2E-4],"parsingTimes":[2.95E-4,5.99E-4,3.43E-4,4.15E-4,4.61E-4],"optimizationTimes":[27.750739,27.661549,27.725149,27.416137,28.007243],"planningTimes":[3.802389,3.872438,3.982454,3.835788,3.886887],"executionTimes":[11012.230582,10384.772037,8726.60257,9527.139678,8822.303213],"runtimes":[11.04378457,10.416307231000001,8.758311095,9.558392438999999,8.854198224]}
{"timestamp":1548893841467,"name":"q46-v1.4","analysisTimes":[4.52E-4,7.67E-4,4.57E-4,5.77E-4,4.37E-4],"parsingTimes":[2.41E-4,2.38E-4,3.7E-4,2.44E-4,5.94E-4],"optimizationTimes":[107.445451,107.326423,107.021606,106.034934,108.500289],"planningTimes":[6.747984,6.895558,7.101159,10.157363,6.845705],"executionTimes":[46805.974392,35434.62701,30409.604706,34001.840049,34970.960129],"runtimes":[46.92016852,35.548849995999994,30.523728297999998,34.118033167,35.086307154]}
{"timestamp":1548893841467,"name":"q52-v1.4","analysisTimes":[4.3E-4,3.59E-4,0.001083,6.25E-4,9.85E-4],"parsingTimes":[5.14E-4,5.04E-4,3.24E-4,2.48E-4,2.57E-4],"optimizationTimes":[23.571072,24.382723,24.138575,24.744608,23.893921],"planningTimes":[3.021051,3.417679,3.243372,3.027424,3.062365],"executionTimes":[22294.004526,17653.444307,22745.037585,38677.920054,19331.410266],"runtimes":[22.320597593000002,17.681245571999998,22.772420939,38.705692959,19.358367794]}
{"timestamp":1548893841467,"name":"q53-v1.4","analysisTimes":[9.35E-4,6.23E-4,5.96E-4,6.15E-4,7.4E-4],"parsingTimes":[2.52E-4,5.04E-4,4.69E-4,3.49E-4,2.17E-4],"optimizationTimes":[61.655884,61.78505,62.357087,61.530312,62.981922],"planningTimes":[4.827638,4.977148,5.085071,4.925734,4.961756],"executionTimes":[18156.278774,21128.108388,29918.736404,17831.879397,18923.208556],"runtimes":[18.222763482999998,21.194871713,29.986179627,17.898336407,18.991153191000002]}
{"timestamp":1548893841467,"name":"q55-v1.4","analysisTimes":[4.46E-4,4.54E-4,6.13E-4,5.93E-4,4.36E-4],"parsingTimes":[3.34E-4,2.3E-4,5.04E-4,4.77E-4,3.03E-4],"optimizationTimes":[22.139245,21.720519,23.027591,21.827609,21.614006],"planningTimes":[3.255749,2.948771,3.10835,2.885491,2.946704],"executionTimes":[19701.358973,18824.180952,74808.36493,20038.986723,18769.77763],"runtimes":[19.726754746999998,18.848850926,74.83450198799999,20.063700893,18.794339079]}
{"timestamp":1548893841467,"name":"q59-v1.4","analysisTimes":[5.57E-4,6.01E-4,4.55E-4,4.41E-4,4.63E-4],"parsingTimes":[4.56E-4,2.76E-4,4.4E-4,2.22E-4,4.0E-4],"optimizationTimes":[109.663708,118.321407,107.822351,106.377617,113.05932],"planningTimes":[14.721456,15.800497,14.558369,14.193661,14.944571],"executionTimes":[57605.045257,19677.039486,16057.793257,19955.053408,43481.810308],"runtimes":[57.729431434,19.811162267,16.180174872,20.075625349,43.609815062]}
{"timestamp":1548893841467,"name":"q63-v1.4","analysisTimes":[6.11E-4,4.46E-4,6.1E-4,4.39E-4,5.79E-4],"parsingTimes":[2.08E-4,4.47E-4,3.21E-4,3.31E-4,2.13E-4],"optimizationTimes":[62.207445,62.289776,61.605762,61.013041,61.485504],"planningTimes":[5.011867,4.984245,4.886114,4.851336,5.084371],"executionTimes":[22059.293937,25581.906327,17699.681036,20527.686556,93808.793675],"runtimes":[22.126514067999995,25.649181241,17.766173843,20.593551703,93.875364342]}
{"timestamp":1548893841467,"name":"q65-v1.4","analysisTimes":[3.06E-4,6.54E-4,6.14E-4,4.91E-4,4.58E-4],"parsingTimes":[3.07E-4,3.7E-4,3.62E-4,2.46E-4,2.5E-4],"optimizationTimes":[69.920079,83.444081,69.457265,68.633051,70.777705],"planningTimes":[9.301559,10.039195,9.362428,8.767145,8.993861],"executionTimes":[61033.009946,68539.833219,61813.504992,71065.8187,79621.171291],"runtimes":[61.112232197,68.63331751899999,61.892325661,71.143219633,79.700943565]}
{"timestamp":1548893841467,"name":"q68-v1.4","analysisTimes":[7.49E-4,6.11E-4,4.41E-4,4.52E-4,4.71E-4],"parsingTimes":[2.0E-4,2.24E-4,3.77E-4,2.76E-4,2.27E-4],"optimizationTimes":[112.914393,113.585259,139.751328,112.981737,116.967883],"planningTimes":[7.09639,7.306816,7.230083,6.910337,7.260732],"executionTimes":[62617.80199,37041.879234,41287.83232,39852.985397,39795.668926],"runtimes":[62.737813722,37.162772144,41.434814549,39.972878199,39.919898239000005]}
{"timestamp":1548893841467,"name":"q7-v1.4","analysisTimes":[4.73E-4,4.94E-4,7.51E-4,6.02E-4,6.16E-4],"parsingTimes":[5.3E-4,1.91E-4,2.47E-4,2.42E-4,3.67E-4],"optimizationTimes":[73.703898,73.280305,74.170553,73.601925,72.574013],"planningTimes":[4.815349,4.939992,4.959891,4.872499,4.84267],"executionTimes":[39699.659867,90820.022119,56211.42486,89681.155151,51842.215479],"runtimes":[39.778180117000005,90.898243101,56.290556302,89.75963041899999,51.919633145]}
{"timestamp":1548893841467,"name":"q70-v1.4","analysisTimes":[5.38E-4,4.29E-4,4.4E-4,5.92E-4,4.42E-4],"parsingTimes":[1.86E-4,4.81E-4,1.92E-4,2.19E-4,3.5E-4],"optimizationTimes":[66.05698,121.98325,64.312296,65.652898,66.482079],"planningTimes":[10.783358,18.951656,10.229469,10.628356,10.262655],"executionTimes":[29700.619436,24014.499141,33156.494853,29001.524943,26246.443184],"runtimes":[29.777460498,24.155434957,33.23103724999999,29.077807008,26.32318871]}
{"timestamp":1548893841467,"name":"q73-v1.4","analysisTimes":[7.6E-4,3.71E-4,5.86E-4,5.94E-4,6.03E-4],"parsingTimes":[3.47E-4,2.93E-4,2.43E-4,3.38E-4,1.92E-4],"optimizationTimes":[82.692507,81.584792,80.497359,81.251209,82.308305],"planningTimes":[5.661958,5.755438,5.301939,5.230389,5.231597],"executionTimes":[10943.339209,13257.709674,13118.969346,10913.877663,10757.469066],"runtimes":[11.031694781,13.345050568000001,13.204769473,11.000360192999999,10.845009763]}
{"timestamp":1548893841467,"name":"q79-v1.4",