{"timestamp":1548880500428,"name":"q19-v1.4","analysisTimes":[0.001631,0.001331,0.002081,0.001609,0.002618],"parsingTimes":[0.002918,0.00265,0.001216,0.001443,0.001623],"optimizationTimes":[95.303137,92.29851,94.922061,93.20011,98.149608],"planningTimes":[6.347513,5.998586,6.293277,6.030064,6.305834],"executionTimes":[68840.555451,65470.666594,60747.793858,65387.499423,124197.556202],"runtimes":[68.94221064999999,65.56896767100001,60.849012493,65.486732649,124.302015885]}
{"timestamp":1548880500428,"name":"q27-v1.4","analysisTimes":[0.001969,0.001555,0.002655,0.002495,0.002462],"parsingTimes":[0.002918,0.00259,0.001223,0.001081,0.001075],"optimizationTimes":[90.282442,94.996186,97.564523,88.925042,88.15685],"planningTimes":[5.865794,6.136449,6.219885,5.598264,5.424129],"executionTimes":[78722.896875,55763.20183,124273.528613,59027.51163,70853.791528],"runtimes":[78.819049998,55.86433861,124.377316899,59.122038511999996,70.94737604400001]}
{"timestamp":1548880500428,"name":"q3-v1.4","analysisTimes":[0.001594,0.001199,0.002018,0.001822,0.002659],"parsingTimes":[0.002838,0.002099,0.001105,0.001371,0.001494],"optimizationTimes":[23.447938,21.840284,21.317263,20.752711,23.695103],"planningTimes":[3.607522,3.113817,3.178379,3.03581,3.625931],"executionTimes":[157040.624313,69486.952542,71202.354923,39472.018538,31105.007942],"runtimes":[157.067684205,69.511909941,71.226853688,39.495810252,31.132333129]}
{"timestamp":1548880500428,"name":"q34-v1.4","analysisTimes":[0.001317,9.71E-4,0.002238,0.00177,0.002354],"parsingTimes":[0.002688,0.002118,0.001309,0.001831,0.001102],"optimizationTimes":[84.446646,91.592169,84.663316,84.035448,84.527723],"planningTimes":[5.903509,7.929001,5.951884,5.753054,5.492325],"executionTimes":[45061.598445,20237.257023,22490.900314,34576.40673,31813.745145],"runtimes":[45.151952605000005,20.336781282,22.581519060999998,34.666198833,31.903768649]}
{"timestamp":1548880500428,"name":"q42-v1.4","analysisTimes":[0.001603,0.001479,0.00242,0.002274,0.002716],"parsingTimes":[0.003448,0.002522,0.001023,0.001129,0.001273],"optimizationTimes":[24.153948,23.880754,25.32076,25.822662,24.183924],"planningTimes":[3.300106,3.362855,3.303481,3.115206,3.127422],"executionTimes":[34719.774475,37504.682974,34023.016378,40093.568241,36663.540343],"runtimes":[34.74723358,37.531930584,34.051644062,40.12250951200001,36.690855678]}
{"timestamp":1548880500428,"name":"q43-v1.4","analysisTimes":[0.001438,9.8E-4,0.002555,0.002367,0.002438],"parsingTimes":[0.002628,0.002277,0.001577,0.001263,0.00158],"optimizationTimes":[28.130702,29.333959,28.283921,30.232382,48.350837],"planningTimes":[4.143277,4.139871,4.279251,4.948258,6.531377],"executionTimes":[25413.330252,16126.740771,14185.886264,16664.639065,14354.431333],"runtimes":[25.445608297,16.160217858,14.218453568000001,16.699823335,14.409317565000002]}
{"timestamp":1548880500428,"name":"q46-v1.4","analysisTimes":[0.001753,0.001743,0.002169,0.002435,0.001945],"parsingTimes":[0.002506,0.003077,0.001003,0.001235,0.00113],"optimizationTimes":[109.225027,111.987446,105.977941,106.446967,107.513232],"planningTimes":[7.624379,7.336121,7.000241,7.256157,7.561059],"executionTimes":[63468.358124,56699.737457,127990.587989,66868.638333,63354.273291],"runtimes":[63.585211789,56.81906584400001,128.103569343,66.98234512699999,63.46935065699999]}
{"timestamp":1548880500428,"name":"q52-v1.4","analysisTimes":[0.001487,0.001267,0.002354,0.0027,0.007212],"parsingTimes":[0.002871,0.002035,0.001288,0.001595,0.001329],"optimizationTimes":[25.1612,23.914668,23.771637,23.502281,25.013743],"planningTimes":[3.348634,3.199762,3.259167,3.136337,4.069879],"executionTimes":[100328.044142,68547.154096,41077.91732,35958.542731,33436.77145],"runtimes":[100.356558334,68.574271828,41.104951766,35.985185644000005,33.465863613]}
{"timestamp":1548880500428,"name":"q53-v1.4","analysisTimes":[0.001091,0.00111,0.001802,0.001987,0.001975],"parsingTimes":[0.001892,0.002117,0.001527,0.001404,0.001344],"optimizationTimes":[61.328281,65.026913,60.582306,63.760817,66.882023],"planningTimes":[5.275386,5.364925,5.033191,5.320789,5.482124],"executionTimes":[149243.39733,37989.178903,41750.700475,130701.676127,84891.315762],"runtimes":[149.31000398,38.059573967999995,41.81631930099999,130.770761124,84.963683228]}
{"timestamp":1548880500428,"name":"q55-v1.4","analysisTimes":[0.001776,0.001043,0.002132,0.002409,0.002964],"parsingTimes":[0.002498,0.002402,0.001297,0.001277,0.001549],"optimizationTimes":[22.104195,22.510641,21.59638,22.221286,22.022801],"planningTimes":[3.336424,3.085485,3.159166,3.323535,3.176408],"executionTimes":[35307.16655,130466.397014,32138.740528,133241.59256,41610.422807],"runtimes":[35.332611443000005,130.491996585,32.163499503,133.26714106699998,41.635626529]}
{"timestamp":1548880500428,"name":"q59-v1.4","analysisTimes":[9.4E-4,0.001335,0.001697,0.002166,0.002609],"parsingTimes":[0.003136,0.003204,9.35E-4,0.001238,0.001675],"optimizationTimes":[117.999798,109.780101,108.281573,108.56558,117.386201],"planningTimes":[16.553104,15.504548,15.40713,14.865848,15.763942],"executionTimes":[36103.692964,33651.571215,31034.545382,68309.812945,31578.955589],"runtimes":[36.238249942,33.77686040300001,31.158236717,68.43324777699999,31.712110016000004]}
{"timestamp":1548880500428,"name":"q63-v1.4","analysisTimes":[0.001192,0.001618,0.001938,0.001975,0.002387],"parsingTimes":[0.002314,0.002407,0.001629,0.001316,0.001635],"optimizationTimes":[71.623898,76.492534,60.532338,65.832514,61.177489],"planningTimes":[5.188093,5.553983,4.999958,5.446893,5.041914],"executionTimes":[38433.689942,34407.293166,30381.287595,34737.753304,31813.22582],"runtimes":[38.510505439,34.489343708,30.446823458000004,34.809036002,31.879449245]}
{"timestamp":1548880500428,"name":"q65-v1.4","analysisTimes":[0.001893,0.001273,0.002795,0.002311,0.002346],"parsingTimes":[0.003262,0.005154,0.00113,0.001176,0.001116],"optimizationTimes":[68.363785,68.799606,68.853638,70.043464,69.96353],"planningTimes":[9.925406,10.047253,9.35695,9.742848,9.510037],"executionTimes":[126705.865033,145112.300871,118989.084443,115102.315709,127020.291387],"runtimes":[126.78415937899999,145.191154157,119.067298956,115.182105508,127.099768416]}
{"timestamp":1548880500428,"name":"q68-v1.4","analysisTimes":[0.001138,0.00271,0.002145,0.002097,0.001647],"parsingTimes":[0.00194,0.001265,0.001072,0.001208,0.001334],"optimizationTimes":[115.51987,117.43619,112.376277,114.083614,111.501584],"planningTimes":[7.894116,7.365802,7.284282,7.400531,11.167585],"executionTimes":[69518.260647,313080.781704,120699.439356,271455.677817,258253.096225],"runtimes":[69.641677711,313.20558767100005,120.81910313200001,271.57716526700005,258.375768375]}
{"timestamp":1548880500428,"name":"q7-v1.4","analysisTimes":[0.001514,0.001439,0.002262,0.001751,0.002399],"parsingTimes":[0.003312,0.002595,0.001398,0.001186,0.001659],"optimizationTimes":[73.718331,82.342177,81.950915,74.539149,74.250049],"planningTimes":[5.56021,5.277671,5.127311,4.976503,5.391956],"executionTimes":[58180.735189,56192.119103,156492.02983,73614.855149,65945.023233],"runtimes":[58.260018556,56.279742985,156.579111716,73.694373738,66.024669296]}
{"timestamp":1548880500428,"name":"q70-v1.4","analysisTimes":[0.001262,0.001561,0.001432,0.001671,0.002599],"parsingTimes":[0.002425,0.001327,0.001292,0.001386,0.001829],"optimizationTimes":[65.970308,66.843003,65.874001,76.861071,66.139273],"planningTimes":[11.263829,11.032066,10.809082,11.785729,10.863014],"executionTimes":[47953.901039,45188.954823,54412.080048,51789.620769,43963.13748],"runtimes":[48.031138863,45.266832779999994,54.488765855000004,51.878270625999996,44.040144195]}
{"timestamp":1548880500428,"name":"q73-v1.4","analysisTimes":[0.001143,0.002262,0.001881,0.001808,0.002338],"parsingTimes":[0.002007,0.001088,0.001021,0.001053,0.001331],"optimizationTimes":[81.907748,82.044724,79.556238,81.263544,81.390998],"planningTimes":[6.027144,5.462456,7.919807,5.623909,5.361039],