{"timestamp":1548891292742,"name":"q19-v1.4","analysisTimes":[0.001165,0.001222,0.001917,0.001651,0.001432],"parsingTimes":[0.002657,0.001945,0.003852,0.002228,0.002032],"optimizationTimes":[110.930863,88.540963,91.804207,94.136754,96.80521],"planningTimes":[11.092873,7.69371,7.053313,8.358269,6.306964],"executionTimes":[21564.317611,23868.445385,21658.286987,20064.225212,20856.171508],"runtimes":[21.686345169,23.964683225,21.757150276,20.166724114,20.959287145999998]}
{"timestamp":1548891292742,"name":"q27-v1.4","analysisTimes":[0.001375,0.001047,9.08E-4,0.00133,0.001481],"parsingTimes":[0.002359,0.002333,0.002422,0.001918,0.00192],"optimizationTimes":[96.063571,86.555112,81.91664,82.638257,81.290886],"planningTimes":[9.933144,6.174541,6.002872,5.95288,5.789332],"executionTimes":[16863.831106,15301.475212,17803.697545,16507.495202,17002.346394],"runtimes":[16.969831555,15.394208245,17.891620387,16.596089586999998,17.089430013]}
{"timestamp":1548891292742,"name":"q3-v1.4","analysisTimes":[0.007136,0.001266,0.001286,0.001503,0.001511],"parsingTimes":[0.016317,0.002218,0.002415,0.00186,0.001959],"optimizationTimes":[31.148366,21.272724,22.842023,20.702648,20.357733],"planningTimes":[7.557835,3.952134,4.015774,3.431384,3.485239],"executionTimes":[13535.911119,11498.237806,14059.196502,11877.977712,11381.19681],"runtimes":[13.574640773,11.523466147999999,14.086058000000001,11.902115107,11.405043251999999]}
{"timestamp":1548891292742,"name":"q34-v1.4","analysisTimes":[0.001576,0.00108,0.001628,0.002113,0.001649],"parsingTimes":[0.003386,0.002974,0.002544,0.002203,0.001775],"optimizationTimes":[116.818173,81.382562,84.856584,83.154792,82.386133],"planningTimes":[14.103964,6.763538,6.63759,7.139795,6.174554],"executionTimes":[7881.202972,7461.194732,8173.888068,7822.793204,9079.476763],"runtimes":[8.012130071,7.549344886,8.265386414,7.913092107,9.168040874]}
{"timestamp":1548891292742,"name":"q42-v1.4","analysisTimes":[0.001131,0.001325,0.001458,0.00168,0.002264],"parsingTimes":[0.002416,0.00254,0.002134,0.001893,0.00183],"optimizationTimes":[33.198814,23.520668,23.422679,23.365395,28.595392],"planningTimes":[5.405463,4.573271,3.556802,3.462827,5.178112],"executionTimes":[9603.288942,12525.730938,10093.456159,10518.467682,9960.871969],"runtimes":[9.641896766,12.553828742000002,10.120439231999999,10.545299477,9.994649567]}
{"timestamp":1548891292742,"name":"q43-v1.4","analysisTimes":[9.89E-4,0.001522,0.001286,0.001301,0.001377],"parsingTimes":[0.00216,0.003494,0.002722,0.001572,0.00182],"optimizationTimes":[39.540284,33.081487,27.246934,27.163468,27.213403],"planningTimes":[6.370473,6.373125,4.351115,4.53623,4.559622],"executionTimes":[5624.523732,5330.851952,4877.600212,5285.442389,5232.856474],"runtimes":[5.670437637999999,5.370311579999999,4.909202269000001,5.317144959999999,5.2646326960000005]}
{"timestamp":1548891292742,"name":"q46-v1.4","analysisTimes":[9.49E-4,0.001944,0.005849,0.00136,0.001386],"parsingTimes":[0.003141,0.003286,0.003324,0.001904,0.001567],"optimizationTimes":[115.077656,107.355941,137.497189,106.034397,103.971687],"planningTimes":[12.870933,8.473218,9.311052,8.280075,7.67696],"executionTimes":[22060.894025,20970.372682,20483.557721,21094.527455,21562.07993],"runtimes":[22.188846704000003,21.086207071,20.630375135,21.208845191,21.67373153]}
{"timestamp":1548891292742,"name":"q52-v1.4","analysisTimes":[0.001339,0.001178,0.001361,0.00182,0.001667],"parsingTimes":[0.003035,0.002255,0.001962,0.001971,0.002219],"optimizationTimes":[25.018183,31.467589,24.120176,25.048876,24.229784],"planningTimes":[5.731571,4.281315,3.913476,3.526506,3.674928],"executionTimes":[10813.615028,11509.864301,11699.788233,10789.265575,11469.650906],"runtimes":[10.844369156,11.545616638,11.727825208,10.817844747999999,11.497559504000002]}
{"timestamp":1548891292742,"name":"q53-v1.4","analysisTimes":[0.001646,0.001465,0.00176,0.008142,0.001934],"parsingTimes":[0.003811,0.002621,0.001892,0.001563,0.001983],"optimizationTimes":[73.646841,61.023906,64.995465,63.20977,62.306681],"planningTimes":[11.213529,6.706529,6.258145,6.037046,5.705791],"executionTimes":[10937.619057,10404.171853,9852.244639,9924.881279,10947.416396],"runtimes":[11.022484883999999,10.471906374,9.923501901,9.994137799999999,11.015432785000002]}
{"timestamp":1548891292742,"name":"q55-v1.4","analysisTimes":[0.001414,0.00131,0.001645,0.001824,0.002509],"parsingTimes":[0.00268,0.003467,0.001697,0.002855,0.002024],"optimizationTimes":[28.222114,22.690471,21.614047,21.900032,21.07319],"planningTimes":[5.752095,4.030265,3.575534,3.793825,3.308101],"executionTimes":[11267.841087,10446.87099,10908.932334,11328.605076,10776.852178],"runtimes":[11.30181939,10.473596503,10.934125257,11.354303611999999,10.801238002]}
{"timestamp":1548891292742,"name":"q59-v1.4","analysisTimes":[0.001076,0.001531,0.002248,0.001845,0.00174],"parsingTimes":[0.002536,0.002778,0.002216,0.002139,0.001736],"optimizationTimes":[116.469678,108.255013,109.715869,106.671492,103.419436],"planningTimes":[23.144022,18.301419,18.179394,16.302186,16.613089],"executionTimes":[14839.602989,13658.891595,13737.763847,14404.997119,13371.695734],"runtimes":[14.979220301000002,13.785452335999999,13.865663574000001,14.527974781,13.491731735000002]}
{"timestamp":1548891292742,"name":"q63-v1.4","analysisTimes":[0.00162,0.001269,0.00156,0.001622,0.001904],"parsingTimes":[0.003099,0.002193,0.001519,0.001632,0.001744],"optimizationTimes":[64.472819,61.708463,60.275162,68.308928,59.930716],"planningTimes":[8.593974,6.653139,5.892096,5.511169,5.607863],"executionTimes":[8585.731764,11448.260394,11397.948822,10207.403468,9123.775401],"runtimes":[8.658803276,11.516625458,11.464119159,10.281226818999999,9.189317628000001]}
{"timestamp":1548891292742,"name":"q65-v1.4","analysisTimes":[0.001076,0.001226,0.001477,0.001988,0.001823],"parsingTimes":[0.002321,0.00334,0.00181,0.001705,0.001619],"optimizationTimes":[70.876837,74.386329,68.420567,66.931637,65.571435],"planningTimes":[12.539749,12.173944,10.337723,10.683677,12.243293],"executionTimes":[35968.544396,38517.716816,37801.681541,34326.517896,36079.509455],"runtimes":[36.051964379,38.604281655,37.880443117999995,34.404136903,36.157327625]}
{"timestamp":1548891292742,"name":"q68-v1.4","analysisTimes":[0.001653,0.001193,0.001904,0.001517,0.001783],"parsingTimes":[0.002338,0.00223,0.001639,0.002942,0.001579],"optimizationTimes":[112.587365,106.39373,109.32445,111.094519,112.914686],"planningTimes":[10.54358,8.963498,11.623429,8.2523,8.237554],"executionTimes":[26499.358843,25726.006446,80764.005563,26521.037527,26370.78406],"runtimes":[26.622493779,25.841367097,80.884956985,26.640388804999997,26.491939662]}
{"timestamp":1548891292742,"name":"q7-v1.4","analysisTimes":[0.00104,0.001513,0.001332,0.001567,0.001544],"parsingTimes":[0.002019,0.002688,0.002993,0.0023,0.001606],"optimizationTimes":[94.974009,83.722358,69.811903,70.567062,71.042852],"planningTimes":[10.726121,6.221448,5.569384,5.970493,5.331445],"executionTimes":[21038.680014,17525.936849,17695.242224,18364.232787,19695.842766],"runtimes":[21.144383203,17.615884856,17.770627836,18.440774209,19.772220213]}
{"timestamp":1548891292742,"name":"q70-v1.4","analysisTimes":[0.00124,0.001069,0.001762,0.001535,0.001347],"parsingTimes":[0.002436,0.003537,0.002122,0.002365,0.001801],"optimizationTimes":[68.256649,66.442972,65.0548,67.99317,68.10063],"planningTimes":[16.720593,13.155102,12.369417,13.316758,11.653056],"executionTimes":[13914.216644,13645.672063,14807.700287,13463.947766,14047.626212],"runtimes":[13.999197561999999,13.725274743,14.885128388,13.545261594,14.127383045999999]}
{"timestamp":1548891292742,"name":"q73-v1.4","analysisTimes":[0.00144,0.001282,0.001897,0.001586,0.001267],"parsingTimes":[0.003809,0.00271,0.00143,0.00251,0.001965],"optimizationTimes":[83.591983,79.55343,79.881009,78.036585,79.270768],"planningTimes":[10.755405,6.437818,6.509724,6.014155,6.597526],"executionTimes":[6780.916977,7381.455011,6432.392258,7731.272979,7636.325634],