{"timestamp":1548896039372,"name":"q19-v1.4","analysisTimes":[0.001515,0.001888,0.003491,0.002922,0.002518],"parsingTimes":[0.002796,0.002358,0.001219,0.001061,0.001319],"optimizationTimes":[89.22388,92.062622,91.748016,88.544528,89.977563],"planningTimes":[6.331324,6.140952,5.90358,5.661897,5.962008],"executionTimes":[34003.003012,30945.838853,33343.804817,57420.952587,34151.016625],"runtimes":[34.098562527,31.044046673,33.441461122999996,57.515162995,34.24696003299999]}
{"timestamp":1548896039372,"name":"q27-v1.4","analysisTimes":[0.001655,0.001792,0.007,0.002521,0.003061],"parsingTimes":[0.001972,0.002055,0.004074,0.001278,0.001322],"optimizationTimes":[83.616127,92.465947,83.865786,84.416811,85.136463],"planningTimes":[5.382082,6.05382,5.364155,5.37238,5.202091],"executionTimes":[24712.594297,57558.460236,27386.732495,24475.60423,125000.989033],"runtimes":[24.801596133,57.656983849999996,27.47597351,24.56539722,125.09133197]}
{"timestamp":1548896039372,"name":"q3-v1.4","analysisTimes":[0.001945,0.001908,0.00266,0.003533,0.002656],"parsingTimes":[0.002399,0.002949,0.001705,0.001464,0.001091],"optimizationTimes":[23.392519,22.531052,21.000976,21.256126,20.58821],"planningTimes":[3.379248,3.553392,3.132295,3.294697,2.960379],"executionTimes":[15825.065805,15585.718723,18957.855142,18552.719298,17642.248629],"runtimes":[15.851841916,15.611808024,18.981992778,18.577275118000003,17.665800965000003]}
{"timestamp":1548896039372,"name":"q34-v1.4","analysisTimes":[0.001329,0.001589,0.002917,0.002773,0.002966],"parsingTimes":[0.002783,0.003321,9.25E-4,0.001213,0.001413],"optimizationTimes":[78.97547,89.41152,82.273521,79.508958,86.101936],"planningTimes":[6.107954,7.602396,5.713786,5.514145,5.737477],"executionTimes":[10885.051693,11225.853007,11857.869759,11409.471872,12119.835835],"runtimes":[10.970139229,11.322871832999999,11.945860907999998,11.494498961,12.211679626999999]}
{"timestamp":1548896039372,"name":"q42-v1.4","analysisTimes":[0.001371,0.001789,0.002867,0.003355,0.028737],"parsingTimes":[0.002438,0.002074,9.19E-4,0.001114,0.001311],"optimizationTimes":[23.941914,23.609414,24.626044,26.704403,23.877886],"planningTimes":[3.492653,3.107789,3.333573,3.67453,3.134169],"executionTimes":[18065.06942,15861.392956,16074.066174,16881.43274,17967.78055],"runtimes":[18.092507796,15.888114022,16.102029577,16.911816142,17.994822653]}
{"timestamp":1548896039372,"name":"q43-v1.4","analysisTimes":[0.002131,0.001966,0.002933,0.00328,0.00309],"parsingTimes":[0.002342,0.01718,0.001088,0.001076,9.5E-4],"optimizationTimes":[28.058217,27.94131,26.881259,26.765859,27.904798],"planningTimes":[4.385236,4.283201,3.942811,4.141058,4.121774],"executionTimes":[6379.825393,6963.427781,8602.803022,7230.914183,6745.654649],"runtimes":[6.412273319,6.9956714380000005,8.633631113,7.2618254559999995,6.777685260999999]}
{"timestamp":1548896039372,"name":"q46-v1.4","analysisTimes":[0.001559,0.001607,0.009778,0.002397,0.00242],"parsingTimes":[0.002227,0.002346,0.001154,0.001144,0.001924],"optimizationTimes":[102.50294,101.656352,107.961509,102.657648,99.823641],"planningTimes":[7.076312,6.999302,8.150366,7.140028,7.067307],"executionTimes":[29823.905998,32791.342076,31695.370351,122262.387721,31046.783491],"runtimes":[29.933489035999997,32.900001683,31.811493158,122.37218893800001,31.153678783]}
{"timestamp":1548896039372,"name":"q52-v1.4","analysisTimes":[0.001638,0.001526,0.002485,0.002286,0.003046],"parsingTimes":[0.002225,0.002922,0.001216,0.001091,0.001075],"optimizationTimes":[23.598549,26.384144,30.43211,22.580203,23.673954],"planningTimes":[3.702059,3.586134,3.114652,3.102189,3.24029],"executionTimes":[16217.192786,16391.067189,15760.651752,17176.292791,17952.468586],"runtimes":[16.244497257,16.421041915,15.794202214999999,17.20197856,17.979386951000002]}
{"timestamp":1548896039372,"name":"q53-v1.4","analysisTimes":[0.00168,0.001868,0.002515,0.002311,0.002248],"parsingTimes":[0.0024,0.002098,0.001424,9.11E-4,0.001474],"optimizationTimes":[63.249579,59.070822,59.261251,61.544243,59.071584],"planningTimes":[5.511803,5.114319,4.907428,5.289357,6.344612],"executionTimes":[34707.834212,14154.734976,13794.191263,14999.580229,14609.299739],"runtimes":[34.776599674,14.218924083,13.858363881,15.066417050999998,14.674719656999999]}
{"timestamp":1548896039372,"name":"q55-v1.4","analysisTimes":[0.001376,0.001371,0.00266,0.003025,0.002948],"parsingTimes":[0.002345,0.003006,0.00135,0.001195,0.001021],"optimizationTimes":[22.655174,22.042216,21.485389,21.538329,21.978852],"planningTimes":[3.344081,3.332064,2.960879,3.161669,3.198243],"executionTimes":[31187.851229,18300.721375,15280.85053,16964.901858,16536.643423],"runtimes":[31.213854205,18.326100032000003,15.305300808,16.989606076,16.561824487000003]}
{"timestamp":1548896039372,"name":"q59-v1.4","analysisTimes":[0.001325,0.001408,0.002655,0.002492,0.002786],"parsingTimes":[0.002333,0.00264,8.65E-4,0.00116,9.3E-4],"optimizationTimes":[103.072126,105.415302,101.079973,103.201469,105.842802],"planningTimes":[15.308021,15.840362,14.446067,14.204326,15.163724],"executionTimes":[18659.383629,15308.091799,16153.986975,15492.984921,14574.17184],"runtimes":[18.777767434,15.429351510999998,16.269516535,15.610394368,14.695182082]}
{"timestamp":1548896039372,"name":"q63-v1.4","analysisTimes":[0.00162,0.002,0.002679,0.002943,0.002445],"parsingTimes":[0.001701,0.001843,0.001151,0.00107,0.001001],"optimizationTimes":[60.54167,59.449885,61.027989,59.750963,60.249689],"planningTimes":[5.334717,4.990261,5.208825,6.032866,5.048739],"executionTimes":[14152.591806,13886.06319,14469.076187,13732.472064,13707.378993],"runtimes":[14.218471514,13.950507179,14.535316831,13.798259906,13.772680867000002]}
{"timestamp":1548896039372,"name":"q65-v1.4","analysisTimes":[0.0016,0.002143,0.002406,0.002924,0.00375],"parsingTimes":[0.003031,0.00525,0.001059,0.001095,0.001356],"optimizationTimes":[67.562759,67.726652,65.1259,65.303762,68.107363],"planningTimes":[10.11672,10.210753,9.727484,9.096605,10.01854],"executionTimes":[52799.838151,54759.516162,54225.238295,53784.751405,51126.651824],"runtimes":[52.877522261,54.837460959999994,54.300095144000004,53.859155791000006,51.204782832999996]}
{"timestamp":1548896039372,"name":"q68-v1.4","analysisTimes":[0.001283,0.002828,0.00296,0.002497,0.002808],"parsingTimes":[0.001989,0.001256,0.001211,0.001391,0.001191],"optimizationTimes":[117.796673,125.819512,103.85298,103.733492,107.889882],"planningTimes":[8.805482,10.358308,7.277759,7.877959,7.214494],"executionTimes":[40201.27102,39213.38875,36785.058477,37604.204771,40169.342753],"runtimes":[40.327876447,39.349570654,36.896193387,37.71582011,40.284451128]}
{"timestamp":1548896039372,"name":"q7-v1.4","analysisTimes":[0.001493,0.001442,0.002757,0.00264,0.00282],"parsingTimes":[0.002718,0.002416,0.001372,0.001009,0.001244],"optimizationTimes":[76.597021,71.261606,69.038519,71.417017,69.303138],"planningTimes":[5.793712,6.353033,4.957764,5.319357,4.789792],"executionTimes":[65350.455519,26079.236838,28417.753493,27933.252784,29064.674529],"runtimes":[65.43285046300001,26.156855335,28.491753905000003,28.009992807,29.138771523]}
{"timestamp":1548896039372,"name":"q70-v1.4","analysisTimes":[0.001259,0.002569,0.002812,0.002181,0.003],"parsingTimes":[0.00224,0.001085,0.001606,0.001137,0.001029],"optimizationTimes":[64.800974,63.670758,69.557824,68.825842,65.280217],"planningTimes":[10.485148,10.400604,11.748866,11.081832,10.740139],"executionTimes":[21313.730522,21047.889512,20436.121643,20847.336044,23270.966367],"runtimes":[21.389020143000003,21.121964528,20.517432751,20.927247036,23.346990752]}
{"timestamp":1548896039372,"name":"q73-v1.4","analysisTimes":[0.001581,0.002479,0.002541,0.003026,0.002307],"parsingTimes":[0.001866,0.001085,0.001221,0.001164,0.0011],"optimizationTimes":[77.474526,81.406063,78.675411,76.734756,78.015127],"planningTimes":[5.414048,5.328331,5.399791,5.266906,5.677456],"executionTimes":[10790.304406,10592.463554,9802.256717,9262.879221,10376.37434],