{"timestamp":1548878727819,"name":"q19-v1.4","analysisTimes":[0.001009,0.001668,0.001433,0.001064,0.001098],"parsingTimes":[0.002369,0.002467,0.001794,0.002106,0.002264],"optimizationTimes":[95.397571,94.249362,93.455507,95.901851,93.758436],"planningTimes":[6.500834,6.532021,6.246371,6.278026,6.148215],"executionTimes":[19131.412763,18165.078309,17757.549582,18104.624911,18999.399327],"runtimes":[19.233314546000003,18.265863827,17.857254687,18.206807958,19.09930934]}
{"timestamp":1548878727819,"name":"q27-v1.4","analysisTimes":[0.001455,0.001016,0.00155,0.001159,0.001065],"parsingTimes":[0.001981,0.002504,0.002784,0.001952,0.002348],"optimizationTimes":[89.886429,86.467619,93.982779,90.231863,88.16099],"planningTimes":[6.06022,6.062171,5.731294,5.989037,5.402184],"executionTimes":[14750.350996,14768.777088,14399.281685,13061.796617,14207.790174],"runtimes":[14.846301081,14.861310398000002,14.499000092000001,13.158020628000001,14.301356761]}
{"timestamp":1548878727819,"name":"q3-v1.4","analysisTimes":[0.001183,0.001138,0.001384,0.001041,0.001345],"parsingTimes":[0.001714,0.001509,0.001791,0.001959,0.001719],"optimizationTimes":[21.735558,20.786913,21.248833,20.928465,20.724716],"planningTimes":[5.106304,3.26883,3.364813,3.342292,3.328945],"executionTimes":[9594.813714,8891.688592,8790.545325,9030.845521,9201.148285],"runtimes":[9.621658473,8.915746982,8.815162145999999,9.055119278,9.22520501]}
{"timestamp":1548878727819,"name":"q34-v1.4","analysisTimes":[0.001384,0.00111,0.001005,9.61E-4,0.001077],"parsingTimes":[0.001572,0.001933,0.002348,0.002056,0.001586],"optimizationTimes":[87.088546,84.790091,83.059229,86.757325,84.128446],"planningTimes":[6.282522,6.691686,6.453888,5.893601,5.705758],"executionTimes":[7051.491032,7061.368867,9133.771145,6796.265528,7004.895581],"runtimes":[7.1448650559999995,7.1528536869999995,9.223287615,6.888919471,7.094732447999999]}
{"timestamp":1548878727819,"name":"q42-v1.4","analysisTimes":[0.001613,0.001041,0.001405,0.001054,8.21E-4],"parsingTimes":[0.002052,0.001651,0.002158,0.002231,0.001726],"optimizationTimes":[26.279004,23.490714,25.803463,25.340359,23.836686],"planningTimes":[4.075477,3.331558,3.867016,3.356751,3.229083],"executionTimes":[8746.621057,8095.833559,7786.588804,8998.246855,8963.576934],"runtimes":[8.776979203000002,8.122658523,7.816262846,9.02694725,8.990645250000002]}
{"timestamp":1548878727819,"name":"q43-v1.4","analysisTimes":[0.001229,0.001434,0.001102,0.00116,0.001086],"parsingTimes":[0.001537,0.001607,0.001896,0.001808,0.002308],"optimizationTimes":[28.10428,27.800124,27.880716,28.771816,31.013731],"planningTimes":[4.419009,4.312822,4.475335,4.456314,4.625441],"executionTimes":[4781.678547,4416.377723,4605.975949,5018.412475,4503.730381],"runtimes":[4.814204602000001,4.44849371,4.6383349979999995,5.051643573000001,4.539372947]}
{"timestamp":1548878727819,"name":"q46-v1.4","analysisTimes":[0.001253,0.001136,0.069675,0.001067,0.001079],"parsingTimes":[0.001668,0.001854,0.002339,0.002009,0.001869],"optimizationTimes":[107.015106,105.939205,107.983469,108.272529,106.499973],"planningTimes":[7.536042,7.68359,7.511794,7.495677,7.556288],"executionTimes":[17881.760986,18275.931114,18040.950453,17730.916096,17838.799536],"runtimes":[17.996315055000004,18.389556899,18.15651773,17.846687378000002,17.952858744999997]}
{"timestamp":1548878727819,"name":"q52-v1.4","analysisTimes":[9.54E-4,0.001388,9.47E-4,0.001136,9.26E-4],"parsingTimes":[0.001992,0.001914,0.0017,0.00227,0.001721],"optimizationTimes":[24.645578,31.438364,23.50921,27.146302,23.58927],"planningTimes":[3.575621,3.603395,3.298756,3.717639,3.196972],"executionTimes":[8925.208948,8663.267706,8499.678622,9297.30033,9065.483502],"runtimes":[8.953433093,8.698312767000001,8.526489235,9.328167677,9.092272390999998]}
{"timestamp":1548878727819,"name":"q53-v1.4","analysisTimes":[0.001068,0.001366,0.001478,9.22E-4,0.001076],"parsingTimes":[0.001721,0.002214,0.002009,0.002015,0.001813],"optimizationTimes":[77.413371,62.178046,75.570245,62.375504,61.860245],"planningTimes":[7.005833,5.450602,5.979399,5.460527,5.51414],"executionTimes":[8176.447584,8128.349793,8577.082432,8887.103569,8360.72435],"runtimes":[8.260869577,8.195982020999999,8.658635563,8.954942537,8.428101624]}
{"timestamp":1548878727819,"name":"q55-v1.4","analysisTimes":[0.00147,0.001104,0.001004,0.001091,0.001086],"parsingTimes":[0.0023,0.002026,0.001783,0.002302,0.002072],"optimizationTimes":[22.163103,22.068778,22.085436,22.467316,22.360577],"planningTimes":[3.869587,3.386835,3.21387,3.249962,3.332171],"executionTimes":[8613.881011,9324.129091,9279.605775,9632.225644,9007.892301],"runtimes":[8.639917470999999,9.349587834,9.304907868,9.657946314999998,9.033588207000001]}
{"timestamp":1548878727819,"name":"q59-v1.4","analysisTimes":[0.001121,0.00113,0.001193,0.001113,0.001128],"parsingTimes":[0.002218,0.002542,0.001845,0.003608,0.002242],"optimizationTimes":[115.536109,110.125938,108.9725,107.396823,112.369194],"planningTimes":[16.82558,15.989889,15.571427,15.788787,15.959828],"executionTimes":[15990.427793,13185.727594,13112.821607,13075.381945,13821.637639],"runtimes":[16.122792821,13.311847093,13.237368572,13.198572275999998,13.949970031000001]}
{"timestamp":1548878727819,"name":"q63-v1.4","analysisTimes":[0.00117,8.08E-4,0.001407,0.001091,0.001037],"parsingTimes":[0.002852,0.001593,0.002528,0.002257,0.002208],"optimizationTimes":[62.178149,62.245012,62.255736,61.41778,63.847121],"planningTimes":[5.652089,5.474886,5.290419,5.727993,5.852966],"executionTimes":[7891.850056,7644.401067,8292.918365,7970.630543,7611.355147],"runtimes":[7.959684316,7.712123366,8.360468455,8.037779664,7.681058479]}
{"timestamp":1548878727819,"name":"q65-v1.4","analysisTimes":[0.001152,0.001041,0.001032,0.001097,0.00109],"parsingTimes":[0.001854,0.00176,0.001881,0.002107,0.002122],"optimizationTimes":[68.588352,70.174945,69.654578,69.107477,136.980989],"planningTimes":[10.546292,11.874978,9.885562,9.838185,25.368881],"executionTimes":[34557.955334,31826.429992,33332.563452,32513.275136,31510.99079],"runtimes":[34.637092984,31.908482716,33.412106505000004,32.592224002,31.673343872]}
{"timestamp":1548878727819,"name":"q68-v1.4","analysisTimes":[0.00146,0.001231,0.001003,0.001304,9.47E-4],"parsingTimes":[0.002306,0.002477,0.002798,0.00263,0.001771],"optimizationTimes":[122.518582,113.284723,112.148847,116.877123,111.616344],"planningTimes":[8.265073,8.246177,8.289117,9.885722,7.645816],"executionTimes":[22925.498751,21861.706755,21847.690199,23431.627676,22450.029319],"runtimes":[23.056286172,21.983241363,21.968131964,23.558394455000002,22.569294197]}
{"timestamp":1548878727819,"name":"q7-v1.4","analysisTimes":[0.001827,0.001281,0.001173,0.001499,0.001085],"parsingTimes":[0.002279,0.001587,0.001806,0.00216,0.002209],"optimizationTimes":[74.916946,73.823547,72.897238,74.179474,73.902453],"planningTimes":[5.825825,5.391513,5.222567,5.187281,5.397241],"executionTimes":[15350.631479,15608.598355,14197.13264,15322.405817,14750.926666],"runtimes":[15.431378356,15.687816283,14.275255424,15.401776231000001,14.830229653999998]}
{"timestamp":1548878727819,"name":"q70-v1.4","analysisTimes":[0.001307,0.001381,0.001178,0.001373,0.001046],"parsingTimes":[0.001923,0.002957,0.002439,0.002063,0.001797],"optimizationTimes":[73.705833,69.735655,68.804968,71.938164,75.798751],"planningTimes":[11.519255,11.538506,11.445443,12.648718,11.424586],"executionTimes":[13069.343893,12429.181633,11505.074893,12176.415414,12837.811568],"runtimes":[13.154572211,12.510460132,11.585328921,12.261005732,12.925037748]}
{"timestamp":1548878727819,"name":"q73-v1.4","analysisTimes":[9.63E-4,0.001427,9.67E-4,9.92E-4,0.001059],"parsingTimes":[0.001679,0.002076,0.001717,0.001909,0.001813],"optimizationTimes":[80.387904,81.118958,79.938746,81.38638,82.955511],"planningTimes":[5.873347,5.700102,5.845882,5.847009,5.717641],"executionTimes":[6693.723577,5659.334671,6716.546041,7423.701342,6905.484552],